{"P125": 49.36190476190476, "P070": 44.98076923076923, "P022": 51.97115384615385, "P069": 52.310679611650485, "P056": 56.50485436893204, "P082": 56.90384615384615, "P005": 51.44230769230769, "P494": 40.76699029126213, "P126": 65.36538461538461, "P486": 57.1747572815534, "P143": 42.90384615384615, "P212": 54.737864077669904, "P090": 57.73076923076923, "P132": 74.74038461538461, "P120": 53.77669902912621, "P336": 42.11538461538461, "P438": 41.728155339805824, "P453": 53.01904761904762, "P344": 50.10576923076923, "P513": 69.19417475728156, "P462": 59.19607843137255, "P170": 64.00970873786407, "P163": 41.07692307692308, "P376": 45.89423076923077, "P449": 68.63106796116504, "P497": 40.49038461538461, "P454": 58.32692307692308, "P138": 53.27884615384615, "P484": 46.33009708737864, "P118": 56.44230769230769, "P350": 42.53398058252427, "P127": 44.78846153846154, "P356": 40.4392523364486, "P485": 63.64423076923077, "P200": 60.359223300970875, "P266": 51.78504672897196, "P464": 42.30555555555556, "P443": 49.89320388349515, "P434": 44.40384615384615, "P334": 47.970588235294116, "P477": 54.15384615384615, "P225": 59.95412844036697, "P459": 51.407766990291265, "P150": 59.47115384615385, "P406": 47.79611650485437, "P270": 50.98076923076923, "P282": 76.82692307692308, "P466": 40.79807692307692, "P223": 54.352380952380955, "P235": 77.83495145631068, "P339": 45.89320388349515, "P386": 48.74757281553398, "P370": 50.45192307692308, "P511": 38.689320388349515, "P482": 55.25242718446602, "P506": 38.71153846153846, "P255": 51.86538461538461, "P391": 50.44230769230769, "P446": 49.33009708737864, "P676": 65.67619047619047, "P372": 53.51456310679612, "P267": 52.980582524271846, "P418": 48.69230769230769, "P287": 46.11214953271028, "P672": 46.14423076923077, "P322": 30.423076923076923, "P294": 52.640776699029125, "P402": 55.375, "P256": 45.95192307692308, "P571": 53.77142857142857, "P601": 42.06730769230769, "P576": 46.737864077669904, "P580": 47, "P236": 54.46601941747573, "P555": 40.53846153846154, "P297": 54.39423076923077, "P233": 53.45192307692308, "P573": 36.91428571428571, "P615": 46.88461538461539, "P654": 48.24271844660194, "P229": 51.523809523809526, "P635": 34.53846153846154, "P240": 56.00961538461539, "P758": 63.18269230769231, "P587": 55.37864077669903, "P230": 40.650485436893206, "P625": 66.1826923076923, "P632": 63.16346153846154, "P549": 47.470588235294116, "P526": 60.22330097087379, "P732": 59.15238095238095, "P767": 45.15384615384615, "P756": 53.70192307692308, "P753": 71.51923076923077, "P704": 55.01923076923077, "P592": 47.699029126213595, "P658": 45.51456310679612}