{"P125": 14.555017512821301, "P070": 20.383212571681263, "P022": 15.251583862215709, "P069": 17.54826907625979, "P056": 16.070844253728655, "P082": 17.194783150355576, "P005": 19.812630532148813, "P494": 16.654036714624528, "P126": 16.013985206085707, "P486": 19.01569382010864, "P143": 10.617369201115718, "P212": 16.442985968186296, "P090": 12.897076337035301, "P132": 9.6280286545567, "P120": 21.72056585712321, "P336": 14.720903631711266, "P438": 15.746268885636693, "P453": 19.11150527037663, "P344": 17.337270179201134, "P513": 15.058746564266482, "P462": 16.514643496472146, "P170": 8.84451214100438, "P163": 20.515063046450788, "P376": 11.483984854587858, "P449": 18.703564875294646, "P497": 19.909014005861422, "P454": 16.58074816943141, "P138": 10.344978361335027, "P484": 22.294986840672856, "P118": 17.373021671588788, "P350": 9.02373290652193, "P127": 15.507388202798456, "P356": 17.65613772702642, "P485": 19.078233553425328, "P200": 17.80991922834677, "P266": 10.637268089291357, "P464": 16.590425306121787, "P443": 11.201288985139712, "P434": 16.987442095470858, "P334": 21.5679703311417, "P477": 9.261853314053997, "P225": 22.720681279357912, "P459": 15.478914749669213, "P150": 15.27352982184603, "P406": 13.968002105162462, "P270": 17.385397716804505, "P282": 14.39892276694317, "P466": 11.291701401370597, "P223": 14.77001962942094, "P235": 13.952367911604025, "P339": 12.55803205308297, "P386": 14.22833299221286, "P370": 19.358086946970058, "P511": 17.44685438596231, "P482": 17.7298454737092, "P506": 13.298421745121777, "P255": 17.01858361321968, "P391": 10.944544168216296, "P446": 12.686559469255336, "P676": 17.9505170474575, "P372": 19.52718772241586, "P267": 16.33772284905803, "P418": 17.064740758274784, "P287": 20.85227787330993, "P672": 18.615902101510542, "P322": 15.287339966657422, "P294": 20.07527714209696, "P402": 17.96662899047992, "P256": 13.366658860066865, "P571": 14.265515940720302, "P601": 14.285075668538216, "P576": 16.151222357097396, "P580": 16.51712850287793, "P236": 25.8285506770715, "P555": 15.186173499974307, "P297": 13.038716260914503, "P233": 11.85992665843849, "P573": 16.353730629263328, "P615": 19.920866599227733, "P654": 16.665960388614046, "P229": 16.21555238634007, "P635": 14.518099234305678, "P240": 12.504364435976832, "P758": 16.222221618338942, "P587": 19.715185997568298, "P230": 14.262736817551763, "P625": 17.265918178457323, "P632": 21.48068022323491, "P549": 22.97467649492791, "P526": 10.07708722974945, "P732": 18.06653352748207, "P767": 19.630949030058677, "P756": 16.822245909239307, "P753": 10.382940423103836, "P704": 17.864637070340006, "P592": 16.476266324302344, "P658": 21.41140619502674}