{"X": [34.9, 29.53, 23.47, 22.96, 20.0, 25.14, 30.92, 24.53, 22.61, 27.34, 29.11, 29.97, 28.62, 20.32, 20.62, 21.37, 22.91, 30.82, 21.31, 35.03, 31.79, 23.8, 33.77, 20.71, 21.91, 21.81, 31.97, 29.16, 20.96, 37.59, 36.18, 22.01, 20.71, 20.74, 22.23, 22.67, 22.01, 22.17, 20.19, 20.17, 25.12, 31.73, 25.25, 21.36, 23.41, 25.79, 23.88, 21.31, 28.62, 25.3, 40.82, 21.37, 23.45, 28.29, 20.85, 21.74, 21.78, 21.42, 25.54, 21.5, 46.68, 24.12, 22.32, 20.74, 20.52, 43.2, 23.88, 22.75, 25.71, 20.82, 24.13, 21.75, 30.59, 23.75, 25.62, 22.41, 26.8, 21.09, 23.41, 26.87, 23.72, 21.78, 23.26, 21.9, 25.27, 25.53, 22.96, 23.19, 23.28, 28.49, 20.55, 28.68, 20.26, 24.03, 28.74, 23.16, 26.09, 26.45, 20.84, 22.5, 21.93, 20.65, 23.98, 38.03, 35.27, 23.55, 24.1, 22.39, 21.57, 21.69, 22.74, 22.05, 21.33, 23.13, 21.33, 21.34, 22.41, 21.61, 20.2, 21.62, 21.54, 29.28, 22.25, 20.47, 25.26, 29.19, 35.43, 30.93, 22.24, 21.02, 25.58, 25.09, 21.33, 22.71, 21.1, 20.97, 25.06, 22.55, 27.66, 25.05, 21.28, 30.09, 24.87, 22.59, 29.16, 28.84, 20.6, 24.59, 25.41, 20.2, 28.77, 33.0, 24.74, 22.78, 67.32, 29.95, 21.18, 22.81, 23.52, 30.18, 20.27, 20.0, 24.24, 23.88, 29.07, 21.34, 25.29, 23.34, 21.14, 21.63, 22.51, 24.35, 30.41, 23.05, 22.51, 25.69, 27.46, 38.96, 37.78, 22.18, 20.03, 21.34, 21.1, 24.1, 34.28, 25.8, 22.6, 27.21, 31.67, 30.06, 20.37, 24.12, 21.91, 22.36, 20.44, 21.18, 26.11, 34.4, 22.25, 22.11, 23.18, 22.42, 25.19, 25.37, 25.3, 23.06, 20.47, 23.89, 27.85, 20.44, 20.09, 24.64, 27.83, 24.5, 23.65, 24.32, 26.95, 21.11, 28.5, 21.98, 51.21, 30.58, 26.08, 22.4, 26.53, 24.7, 27.59, 21.0, 24.7, 23.36, 22.13, 23.5, 23.53, 23.61, 32.42, 30.95, 33.3, 27.77, 27.72, 22.92, 23.48, 21.61, 20.66, 23.86, 21.86, 32.75, 20.57, 23.54, 29.48, 22.89, 32.53, 25.9, 20.11, 21.04, 20.69, 20.78, 22.99, 23.21, 21.82, 22.82, 24.99, 21.77, 23.31, 20.28, 31.43, 26.93, 38.8, 31.1, 25.75, 22.59, 24.83, 23.75, 20.01, 33.5, 24.23, 22.87, 23.68, 24.67, 21.62, 25.11, 24.66, 21.81, 42.0, 21.65, 23.2, 22.05, 24.01, 20.27, 22.28, 34.51, 36.6, 23.21, 29.29, 25.95, 24.43, 29.44, 30.98, 32.92, 24.01, 24.01, 40.75, 25.61, 23.46, 21.7, 21.29, 25.91, 22.32, 20.53, 33.06, 24.43, 27.26, 20.69, 21.01, 27.97, 23.18, 22.01, 30.2, 20.45, 22.59, 24.78, 40.36, 51.76, 48.18, 24.56, 24.61, 32.85, 41.95, 35.35, 36.72, 24.86, 25.68, 20.56, 37.3, 36.02, 34.71, 30.62, 32.29, 32.29, 25.13, 33.05, 28.36, 41.79], "Y": [0.6739255014326648, 1.136810023704707, 0.4610140605027692, 0.5644599303135892, 0.48249999999999993, 0.8178202068416867, 0.4256144890038808, 0.5108030982470445, 0.6510393631136665, 0.731528895391368, 0.6221229817931985, 0.7617617617617617, 0.8148148148148148, 0.3282480314960631, 0.9476236663433559, 0.20168460458586815, 0.8729812309035355, 0.7728747566515252, 0.34303144063819785, 0.46131886954039386, 0.8427178357974205, 0.8226890756302523, 0.8815516730826177, 0.5605987445678415, 0.7594705613874944, 0.679046309032554, 0.5533312480450422, 0.5054869684499315, 0.14837786259541982, 1.0, 0.6691542288557214, 0.13948205361199423, 0.21245774987928565, 0.42430086788813876, 0.6873594242015295, 0.9020732245258051, 0.2689686506133576, 0.23319801533603943, 0.31154036651807854, 0.07238472979672785, 0.4044585987261145, 0.8194138039710053, 0.39881188118811883, 0.27247191011235955, 0.4446817599316533, 0.8200853043815435, 0.748743718592965, 0.2712341623650869, 0.6411600279524808, 0.4027667984189722, 0.608035276825086, 0.7019185774450164, 0.4456289978678037, 0.45104277129727816, 0.5817745803357312, 0.42272309107635686, 0.10697887970615234, 0.5014005602240894, 0.9647611589663274, 0.6618604651162793, 0.6572407883461868, 0.6003316749585408, 0.4032258064516129, 0.2801350048216009, 1.2923976608187135, 0.6759259259259259, 1.267169179229481, 0.3494505494505496, 0.6495527032283159, 0.5792507204610952, 0.6630750103605471, 1.4326436781609193, 0.4442628309905199, 0.31199999999999983, 0.624512099921936, 0.754127621597501, 0.7462686567164178, 0.3703176861071599, 0.9372063220845791, 0.5199106810569407, 0.29089376053962923, 0.7584940312213041, 1.0038693035253654, 0.448401826484018, 0.46656113969133356, 0.6243634939287112, 0.3175087108013937, 1.011211729193618, 0.7852233676975945, 0.7020007020007021, 0.740632603406326, 0.3486750348675035, 0.23050345508390924, 0.5006242197253433, 0.3973556019485039, 0.39335060449050085, 0.8282866998850134, 0.6438563327032136, 0.28790786948176583, 0.8222222222222222, 0.27815777473780184, 0.32300242130750617, 0.7180984153461217, 0.4969760715224822, 0.9149418769492484, 0.4246284501061571, 0.41493775933609955, 0.6301920500223314, 0.46360686138154844, 0.4084831719686491, 0.6200527704485489, 0.2217687074829932, 0.8729488982653543, 0.6973627323821875, 0.6338490389123299, 0.6157450796626055, 1.07987505577867, 1.047663118926423, 0.7356435643564356, 0.9250693802035153, 0.32776230269266493, 0.5317622950819669, 0.6368539325842697, 0.45236932095749904, 0.6041171813143308, 0.5303186022610484, 0.774202653118826, 0.6537342386032977, 0.17131294964028787, 0.6037107516650808, 0.2537138389366694, 0.6014348345954562, 0.5157055789967186, 0.603698811096433, 0.4469194312796208, 1.0476871721506915, 0.9976057462090983, 1.1396895787139687, 0.7982646420824294, 0.41157684630738534, 0.3406954887218045, 0.5470255898969756, 0.8427824688379574, 0.4617087206728644, 0.8755144032921811, 0.8266296809986129, 0.9131067961165049, 0.44082960553070366, 0.9212908303817393, 0.10346534653465364, 0.6656239137990962, 0.5248484848484849, 0.2914308811641065, 0.8920105355575065, 0.43152109328579924, 0.4761268781302171, 0.13361661945231343, 0.8592722490135905, 0.4251700680272109, 0.4367130550033137, 0.31524420325604346, 0.39349999999999985, 0.9587458745874589, 0.38065326633165847, 0.3701410388716891, 0.23805060918462972, 0.4266508501383949, 0.9151670951156812, 0.14380321665089874, 0.46232085067036527, 0.24922256774766766, 0.3018480492813142, 0.4107201578428148, 0.15618221258134496, 0.7934251443802753, 0.49396652393927615, 0.9573925710123818, 0.7333162217659136, 0.7091053467443093, 0.1474301172227233, 1.159760359460809, 0.5618556701030929, 0.19526066350710888, 0.32116182572614116, 0.5627187864644106, 0.6926356589147286, 0.16681415929203552, 0.5365674384417491, 0.49479002210293654, 0.5096473719228211, 0.3809523809523808, 0.3237976782752903, 0.6348699224098586, 0.23524150268336338, 0.755381604696673, 0.559017941454202, 0.3829950210647259, 0.9017441860465116, 0.5519101123595506, 0.6834011759384894, 0.26660914581535805, 0.54192685102587, 0.6768558951965066, 0.850610957824202, 0.34624505928853744, 0.20034692107545524, 0.7723497801660969, 0.9991628296358308, 0.6549371633752242, 0.19960861056751458, 0.35888501742160284, 0.2763798701298702, 0.3251886453467482, 0.23632653061224515, 0.7957716701902746, 0.9942434210526319, 0.4452690166975881, 0.5689246802463287, 0.6603508771929822, 0.2415832575068245, 0.3052138254247217, 0.8691955526487903, 0.808282208588957, 0.9107142857142857, 0.4346023369770072, 0.4048582995951417, 0.7462848858281987, 0.2014285714285713, 0.608906882591093, 0.8715753424657534, 0.4550384093990059, 0.38595744680851063, 0.5469613259668507, 0.4235493434985174, 0.9253547193090682, 0.5948303715670435, 0.45945945945945954, 0.3795462729564278, 0.5137085137085137, 0.43630017452006964, 0.4889267461669505, 0.3151318833873208, 0.11084220716360112, 0.7485331098072087, 0.2758462946020129, 0.6140458015267175, 0.07340787554691289, 0.22132540356839428, 0.6841926729986432, 0.17431192660550435, 0.41592376268060244, 0.33899613899613906, 0.19840875186474402, 0.2395437262357414, 0.4722087965200581, 0.197786333012512, 0.47803392779469345, 0.9047824213700993, 0.2983501374885425, 0.43821209465381245, 0.71468587434974, 0.5581074873679375, 0.3564993564993563, 0.24654832347140038, 0.783964365256125, 0.3791310805792794, 0.7208762886597938, 0.5935691318327976, 0.6213592233009708, 0.3444001770694998, 0.25775271848570275, 0.49473684210526314, 0.9110444777611192, 0.5274626865671642, 0.3553446141147338, 0.3874070835155225, 0.4024493243243244, 0.6080259424402106, 0.3524514338575392, 0.8407009159697332, 